{
    "1": {
        "Velocity [m/s]": 3.1337787423036967,
        "Time [s]": 3.0
    },
    "2": {
        "Velocity [m/s]": 2.8759031004558273,
        "Time [s]": 5.333333333333333
    },
    "3": {
        "Velocity [m/s]": 2.3086117832671462,
        "Time [s]": 7.733333333333333
    },
    "4": {
        "Velocity [m/s]": 1.000564506597723,
        "Time [s]": 9.166666666666666
    },
    "5": {
        "Velocity [m/s]": 2.324207154804016,
        "Time [s]": 10.266666666666667
    },
    "6": {
        "Velocity [m/s]": 2.1033799706285388,
        "Time [s]": 11.433333333333334
    },
    "7": {
        "Velocity [m/s]": 3.359575294992832,
        "Time [s]": 12.566666666666666
    },
    "8": {
        "Velocity [m/s]": 3.047413669083434,
        "Time [s]": 13.833333333333334
    },
    "9": {
        "Velocity [m/s]": 0.9489663775184326,
        "Time [s]": 14.4
    }
}